Meal,Photo url
Mediterranean Falafel,//cdn.shopify.com/s/files/1/0622/0405/products/Mediterranean_falafel_new_4a385e13-9259-4f7d-bef0-f75f778ece76_500x500.jpg?v=1553799586
Carrot Osso Bucco,//cdn.shopify.com/s/files/1/0622/0405/products/1VE213-0227Shoot-TopDown-OssoBucco-min-min_500x500.jpg?v=1551469782
Creamy Italian Chick'n,//cdn.shopify.com/s/files/1/0622/0405/products/VE213-0227Shoot-TopDown-CreamyChickn-min-min_500x500.jpg?v=1553446766
Red Curry with Tofu,//cdn.shopify.com/s/files/1/0622/0405/products/Red_Curry_w_Tofu_and_Veggies-001-uncropped-min_500x500.jpg?v=1543868836
Country Fried Chick'n,//cdn.shopify.com/s/files/1/0622/0405/products/Country-Fried-Chick_n_500x500.jpg?v=1498093448
Enchilada Casserole,//cdn.shopify.com/s/files/1/0622/0405/products/imgonline-com-ua-resize-OLlQPFk3ejJec1W_500x500.jpg?v=1543886556
Soba Noodles in Peanut Sauce,//cdn.shopify.com/s/files/1/0622/0405/products/Soba-Noodles_500x500.jpg?v=1498093480
Veggie Empanadas,//cdn.shopify.com/s/files/1/0622/0405/products/fullsizeoutput_e1f6.jpeg?v=1552945247
Chick'n Quesadilla,//cdn.shopify.com/s/files/1/0622/0405/products/Chick_n-Quesadilla_500x500.jpg?v=1498093444
Thai Chick'n Stew,//cdn.shopify.com/s/files/1/0622/0405/products/Thai_Chikn_Stew_500x500.jpg?v=1529949571
Veggie Lasagna,//cdn.shopify.com/s/files/1/0622/0405/products/imgonline-com-ua-resize-652WV18loch_500x500.jpg?v=1543875537
Eggplant Casserole,//cdn.shopify.com/s/files/1/0622/0405/products/imgonline-com-ua-resize-927DD5UMFtd_500x500.jpg?v=1543875970
Chick'n Nuggets,//cdn.shopify.com/s/files/1/0622/0405/products/Chick_n-Nuggets_500x500.jpg?v=1517446307
Moroccan Melange,//cdn.shopify.com/s/files/1/0622/0405/products/imgonline-com-ua-resize-Ll6UC1HWrscyyblT_500x500.jpg?v=1543992320
Tuscan Calzone,//cdn.shopify.com/s/files/1/0622/0405/products/Tuscan-Calzone_500x500.jpg?v=1498093490
Mushroom Risotto,//cdn.shopify.com/s/files/1/0622/0405/products/mushroom_500x500.jpg?v=1529950042
Veggie Pesto Pizza,//cdn.shopify.com/s/files/1/0622/0405/products/Pesto-Pizza_500x500.jpg?v=1529949649
Golden Chickpea Stew,//cdn.shopify.com/s/files/1/0622/0405/products/Golden_Chickpea_WGF_logo_500x500.jpg?v=1529949601
Baked Mac & Cheez Dinner,//cdn.shopify.com/s/files/1/0622/0405/products/Mac_and_Cheese_500x500.jpg?v=1529950416
Southwest BBQ Chick'n,//cdn.shopify.com/s/files/1/0622/0405/products/Southwest-BBQ-Chick_n_500x500.jpg?v=1498093481
Spinach Pie,//cdn.shopify.com/s/files/1/0622/0405/products/Spinach-Pie_500x500.jpg?v=1498093483
Beluga Lentil Braise,//cdn.shopify.com/s/files/1/0622/0405/products/Beluga_Lentil_Braise_Cropped_GFlogo_500x500.jpg?v=1529951122
Portobello Steak Dinner,//cdn.shopify.com/s/files/1/0622/0405/products/steak_500x500.jpg?v=1529951140
Kale and Quinoa Salad,//cdn.shopify.com/s/files/1/0622/0405/products/kale_500x500.jpg?v=1529949526
Shepherdless Pie,//cdn.shopify.com/s/files/1/0622/0405/products/veestro-031_500x500.jpg?v=1529951106
Quinoa Bake,//cdn.shopify.com/s/files/1/0622/0405/products/quinoa_bake_500x500.jpg?v=1522867618
Latin Stew,//cdn.shopify.com/s/files/1/0622/0405/products/Latin-Stew_500x500.jpg?v=1498093461
Black Bean Pasta Alfredo,//cdn.shopify.com/s/files/1/0622/0405/products/black_bean_pasta_500x500.jpg?v=1529950559
Enfrijolada Rustica,//cdn.shopify.com/s/files/1/0622/0405/products/Enfrijolada5800_JA01_53228c00-8aab-4e72-b689-60899dcc50ed_500x500.jpg?v=1529949974
Mushroom Stroganoff,//cdn.shopify.com/s/files/1/0622/0405/products/Mushroom-Stroganoff-C-J_500x500.jpg?v=1529950801
Ultimate Veggie Wrap,//cdn.shopify.com/s/files/1/0622/0405/products/IMG_2226_500x500.jpg?v=1537207813
Tortilla Chili,//cdn.shopify.com/s/files/1/0622/0405/products/fullsizeoutput_e1f7.jpeg?v=1552945355
Pepp'roni Pizza,//cdn.shopify.com/s/files/1/0622/0405/products/Pepperoni_Pizza_500x500.jpg?v=1529951184
Pasta Bolognese,//cdn.shopify.com/s/files/1/0622/0405/products/fullsizeoutput_e1f3.jpeg?v=1552944476
Lentil and Spinach Tagine,//cdn.shopify.com/s/files/1/0622/0405/products/IMG_2465.JPG?v=1543961909
Chinese Eggplant StirFry,//cdn.shopify.com/s/files/1/0622/0405/products/fullsizeoutput_e1f4.jpeg?v=1552944811
Pad Thai,//cdn.shopify.com/s/files/1/0622/0405/products/fullsizeoutput_e1f1.jpeg?v=1553446824
Lentil Meatloaf,//cdn.shopify.com/s/files/1/0622/0405/products/Lentil-Meatloaf_500x500.jpg?v=1498093462
Paella Valenciana,//cdn.shopify.com/s/files/1/0622/0405/products/image6_1_-min.jpeg?v=1552947932
Pizza Napoletana,//cdn.shopify.com/s/files/1/0622/0405/products/Pizza-Napoletana_500x500.jpg?v=1498093470
Breakfast Burrito,//cdn.shopify.com/s/files/1/0622/0405/products/Breakfast-Burrito_500x500.jpg?v=1498093442
Spanish Torta,//cdn.shopify.com/s/files/1/0622/0405/products/Spanish_Torta-min_500x500.jpg?v=1552939944
Savory Croquettes,//cdn.shopify.com/s/files/1/0622/0405/products/Savory-Croquettes_500x500.jpg?v=1498093479
Three Layer Scramble,//cdn.shopify.com/s/files/1/0622/0405/products/3_layer_scramble4_500x500.jpg?v=1529950576
Oatmeal Breakfast Pie,//cdn.shopify.com/s/files/1/0622/0405/products/oatmealpie-9727-min_500x500.jpg?v=1545958525
Omelet Primavera,//cdn.shopify.com/s/files/1/0622/0405/products/fullsizeoutput_e1dd.jpeg?v=1552940463
All-American Breakfast,//cdn.shopify.com/s/files/1/0622/0405/products/All-american_breakfast_new_500x500.jpg?v=1553798779
Rice & Quinoa Pie,//cdn.shopify.com/s/files/1/0622/0405/products/rice_500x500.jpg?v=1529950914
